Date,Adj Close,ret,pred_states
2018-01-02,1595.8699951171875,0.00827661342095487,0
2018-01-03,1605.18994140625,0.005840041054458345,1
2018-01-04,1611.02001953125,0.003632017604030313,1
2018-01-05,1621.3699951171875,0.006424486015356168,1
2018-01-08,1624.3499755859375,0.0018379398149246384,1
2018-01-09,1625.9200439453125,0.0009665825610079004,1
2018-01-10,1623.9599609375,-0.0012055223841489493,1
2018-01-11,1637.3800048828125,0.008263777598042088,1
2018-01-12,1647.3699951171875,0.006101204488013767,1
2018-01-16,1639.8599853515625,-0.004558787514574614,1
2018-01-17,1654.989990234375,0.009226400435381477,1
2018-01-18,1651.5400390625,-0.0020845752495375347,1
2018-01-19,1660.6800537109375,0.00553423739797787,1
2018-01-22,1673.6800537109375,0.007828118348835567,1
2018-01-23,1677.719970703125,0.0024137928770975314,1
2018-01-24,1675.52001953125,-0.0013112743546547234,1
2018-01-25,1676.3299560546875,0.00048339411883846495,1
2018-01-26,1694.22998046875,0.01067810328713037,1
2018-01-29,1682.739990234375,-0.006781836212812142,1
2018-01-30,1664.75,-0.010690891248070544,1
2018-01-31,1664.6800537109375,-4.201609194320888e-05,1
2018-02-01,1664.3699951171875,-0.00018625716879272503,1
2018-02-02,1629.56005859375,-0.02091478254568424,0
2018-02-05,1564.6600341796875,-0.03982671523630055,0
2018-02-06,1589.780029296875,0.01605460264111458,0
2018-02-07,1583.1800537109375,-0.004151502386689598,0
2018-02-08,1525.260009765625,-0.0365846220772863,0
2018-02-09,1546.550048828125,0.013958301487083213,0
2018-02-12,1567.1600341796875,0.013326426368923228,0
2018-02-13,1571.52001953125,0.0027820932492352846,0
2018-02-14,1593.6700439453125,0.014094649854138996,0
2018-02-15,1612.530029296875,0.01183431000865931,0
2018-02-16,1613.550048828125,0.0006325584719155675,0
2018-02-20,1603.97998046875,-0.005931063846656315,0
2018-02-21,1596.3299560546875,-0.004769401430949838,0
2018-02-22,1597.1099853515625,0.000488639139995195,0
2018-02-23,1621.739990234375,0.015421608473251691,0
2018-02-26,1639.1700439453125,0.010747748600821394,0
2018-02-27,1618.0899658203125,-0.01286021435229645,0
2018-02-28,1600.1500244140625,-0.011087109978557441,0
2018-03-01,1581.1700439453125,-0.011861375608015257,0
2018-03-02,1591.3800048828125,0.00645721880236505,0
2018-03-05,1608.6099853515625,0.010827068591966471,0
2018-03-06,1614.5699462890625,0.0037050378847409693,0
2018-03-07,1615.3299560546875,0.0004707196286986015,0
2018-03-08,1621.239990234375,0.003658716386417016,0
2018-03-09,1648.4599609375,0.01678959985386852,0
2018-03-12,1647.4100341796875,-0.0006369137150382675,0
2018-03-13,1637.18994140625,-0.006203733473388984,0
2018-03-14,1628.18994140625,-0.0054972240986709275,0
2018-03-15,1625.9000244140625,-0.001406418829863143,0
2018-03-16,1629.6800537109375,0.00232488421189192,0
2018-03-19,1607.68994140625,-0.01349351503358831,0
2018-03-20,1609.97998046875,0.0014244283076729758,0
2018-03-21,1608.5699462890625,-0.0008758085173685703,0
2018-03-22,1568.719970703125,-0.02477354228696771,0
2018-03-23,1536.27001953125,-0.0206856238066061,0
2018-03-26,1576.5,0.02618679005467084,0
2018-03-27,1549.02001953125,-0.017431005689026335,0
2018-03-28,1544.780029296875,-0.0027372081580055996,0
2018-03-29,1565.56005859375,0.013451772357733871,0
2018-04-02,1530.280029296875,-0.0225350851940902,0
2018-04-03,1549.3299560546875,0.01244865409801199,0
2018-04-04,1567.0899658203125,0.011463026127016995,0
2018-04-05,1578.02001953125,0.006974745515147207,0
2018-04-06,1544.280029296875,-0.021381218119398415,0
2018-04-09,1548.510009765625,0.0027391278709185674,0
2018-04-10,1574.6700439453125,0.016893681031901808,0
2018-04-11,1567.5,-0.004553362765032376,1
2018-04-12,1579.6800537109375,0.007770369193580651,1
2018-04-13,1574.5899658203125,-0.0032222271077408937,1
2018-04-16,1587.5799560546875,0.008249760582976773,1
2018-04-17,1604.510009765625,0.010664063656365741,1
2018-04-18,1606.4599609375,0.0012152938654210743,1
2018-04-19,1597.25,-0.005733078421777282,1
2018-04-20,1584.3800048828125,-0.008057595941266205,1
2018-04-23,1584.050048828125,-0.00020825562912341056,1
2018-04-24,1564.3599853515625,-0.012430202878456531,1
2018-04-25,1566.31005859375,0.001246562978117316,1
2018-04-26,1581.469970703125,0.009678742740748092,1
2018-04-27,1582.6400146484375,0.0007398458187557466,1
2018-04-30,1569.9100341796875,-0.008043509800665483,1
2018-05-01,1574.1800537109375,0.0027199135226123605,1
2018-05-02,1564.5699462890625,-0.006104833687366584,1
2018-05-03,1560.6199951171875,-0.0025246242146244047,1
2018-05-04,1580.760009765625,0.012905136876017798,1
2018-05-07,1587.43994140625,0.004225772159820451,1
2018-05-08,1588.06005859375,0.0003906397787563076,1
2018-05-09,1602.5799560546875,0.00914316645794555,1
2018-05-10,1616.3800048828125,0.008611145282322541,1
2018-05-11,1618.8599853515625,0.0015342805907387902,1
2018-05-14,1619.4000244140625,0.0003335921990701429,1
2018-05-15,1609.6500244140625,-0.006020748334574,1
2018-05-16,1617.030029296875,0.004584850601607515,1
2018-05-17,1616.81005859375,-0.00013603377744364487,1
2018-05-18,1613.47998046875,-0.0020596594555432057,1
2018-05-21,1625.3499755859375,0.0073567662821196755,1
2018-05-22,1619.25,-0.0037530228428117596,1
2018-05-23,1624.0,0.0029334568473058376,1
2018-05-24,1621.3699951171875,-0.001619461134736766,1
2018-05-25,1618.010009765625,-0.0020723125268637954,1
2018-05-29,1601.6199951171875,-0.010129736249784749,1
2018-05-30,1622.1400146484375,0.012812040055574236,1
2018-05-31,1610.6700439453125,-0.007070888209123494,1
2018-06-01,1627.4000244140625,0.010386969405459467,1
2018-06-04,1634.989990234375,0.00466385996463603,1
2018-06-05,1637.3800048828125,0.001461791608947438,1
2018-06-06,1651.260009765625,0.00847696004679488,1
2018-06-07,1649.4200439453125,-0.0011142798889519634,1
2018-06-08,1654.739990234375,0.0032253435433811095,1
2018-06-11,1656.4300537109375,0.0010213468499804534,1
2018-06-12,1660.030029296875,0.002173333898326968,1
2018-06-13,1653.1600341796875,-0.00413847641063303,1
2018-06-14,1657.6300048828125,0.002703894729310319,1
2018-06-15,1656.1800537109375,-0.0008747133965987253,1
2018-06-18,1654.3299560546875,-0.0011170872708583524,1
2018-06-19,1648.1099853515625,-0.0037598126542776056,1
2018-06-20,1652.449951171875,0.0026332986626416144,1
2018-06-21,1640.9300537109375,-0.006971404763434941,1
2018-06-22,1643.3900146484375,0.0014991260181607124,1
2018-06-25,1619.780029296875,-0.014366635516288695,1
2018-06-26,1624.0899658203125,0.002660815941352368,1
2018-06-27,1608.3900146484375,-0.009666922093164443,1
2018-06-28,1617.9599609375,0.005950015979895529,1
2018-06-29,1618.989990234375,0.0006366222414293521,1
2018-07-02,1624.3900146484375,0.0033354279190329628,1
2018-07-03,1618.0400390625,-0.003909144681187748,1
2018-07-05,1632.1700439453125,0.00873279062426624,1
2018-07-06,1646.300048828125,0.008657189203556959,1
2018-07-09,1660.4300537109375,0.008582885539528906,1
2018-07-10,1664.530029296875,0.002469225112358364,1
2018-07-11,1652.8599853515625,-0.007011014364362134,1
2018-07-12,1666.280029296875,0.008119286608815779,1
2018-07-13,1667.3599853515625,0.0006481239861844124,1
2018-07-16,1664.3499755859375,-0.0018052548892075748,1
2018-07-17,1671.530029296875,0.004314028789774049,1
2018-07-18,1675.4599609375,0.0023510984378056765,1
2018-07-19,1670.7900390625,-0.0027872476716106487,1
2018-07-20,1668.43994140625,-0.0014065786851162887,1
2018-07-23,1670.949951171875,0.0015044052251047546,1
2018-07-24,1674.47998046875,0.002112588288116779,1
2018-07-25,1688.5999755859375,0.00843246576960266,1
2018-07-26,1685.5999755859375,-0.0017766197106328097,1
2018-07-27,1672.0,-0.008068329249476869,1
2018-07-30,1661.449951171875,-0.00630983781586425,1
2018-07-31,1670.9599609375,0.005723921902623275,1
2018-08-01,1669.4000244140625,-0.000933557092871462,1
2018-08-02,1679.31005859375,0.005936284913596879,1
2018-08-03,1685.030029296875,0.003406143299061082,1
2018-08-06,1691.8499755859375,0.004047373738442106,1
2018-08-07,1696.800048828125,0.002925834626958057,1
2018-08-08,1695.949951171875,-0.0005010004902092913,1
2018-08-09,1694.5400390625,-0.0008313406350233254,1
2018-08-10,1683.68994140625,-0.006402975088303453,1
2018-08-13,1676.3399658203125,-0.0043653973366371,1
2018-08-14,1687.6099853515625,0.006722991613300255,1
2018-08-15,1673.5999755859375,-0.008301686934322317,1
2018-08-16,1686.9300537109375,0.007964912953785763,1
2018-08-17,1692.6300048828125,0.0033788900490190343,1
2018-08-20,1697.0699462890625,0.002623102150760559,1
2018-08-21,1702.6400146484375,0.0032821678160968037,1
2018-08-22,1702.760009765625,7.047591748987614e-05,1
2018-08-23,1699.530029296875,-0.0018969088128835132,1
2018-08-24,1710.1300048828125,0.006237003997112689,1
2018-08-27,1722.1300048828125,0.0070170103826827646,1
2018-08-28,1722.8399658203125,0.0004122574576175264,1
2018-08-29,1732.1199951171875,0.005386472035118217,1
2018-08-30,1724.81005859375,-0.004220225240770925,1
2018-08-31,1726.0899658203125,0.000742056912403477,1
2018-09-04,1723.239990234375,-0.0016511164784989152,1
2018-09-05,1717.550048828125,-0.0033018856563769017,1
2018-09-06,1710.68994140625,-0.003994123738377042,1
2018-09-07,1706.989990234375,-0.002162841484198763,1
2018-09-10,1710.7099609375,0.0021792574791925645,1
2018-09-11,1716.3900146484375,0.0033202903125815197,1
2018-09-12,1716.8299560546875,0.0002563178546224343,1
2018-09-13,1724.8499755859375,0.004671411692792393,1
2018-09-14,1726.3499755859375,0.0008696408506430053,1
2018-09-17,1714.97998046875,-0.006586147234327933,1
2018-09-18,1723.969970703125,0.005242038004384053,1
2018-09-19,1724.3800048828125,0.00023784299416784727,1
2018-09-20,1737.969970703125,0.007881073650721326,1
2018-09-21,1736.4300537109375,-0.0008860434979578447,1
2018-09-24,1730.1500244140625,-0.003616632460060165,1
2018-09-25,1728.8499755859375,-0.0007514081494552904,1
2018-09-26,1721.68994140625,-0.004141501160192296,1
2018-09-27,1725.8299560546875,0.002404622661067446,1
2018-09-28,1726.52001953125,0.00039984441928453407,1
2018-10-01,1729.18994140625,0.0015464181386815046,1
2018-10-02,1726.469970703125,-0.0015729739330504477,1
2018-10-03,1729.3299560546875,0.0016565508813326524,1
2018-10-04,1713.3900146484375,-0.009217408945263128,1
2018-10-05,1703.0400390625,-0.006040641942261615,1
2018-10-08,1701.1300048828125,-0.0011215439072935762,1
2018-10-09,1697.8299560546875,-0.0019399157140563839,1
2018-10-10,1642.77001953125,-0.03242959421647995,0
2018-10-11,1609.699951171875,-0.02013067438910976,0
2018-10-12,1630.5699462890625,0.012965146145400563,0
2018-10-15,1623.1199951171875,-0.0045689246197809785,0
2018-10-16,1659.239990234375,0.022253434882107737,0
2018-10-17,1657.8299560546875,-0.0008498072539152579,0
2018-10-18,1633.280029296875,-0.014808470958165398,0
2018-10-19,1630.050048828125,-0.001977603601839517,0
2018-10-22,1623.3900146484375,-0.004085785086461291,0
2018-10-23,1614.030029296875,-0.005765703415139933,0
2018-10-24,1562.9200439453125,-0.031666068427380956,0
2018-10-25,1592.2099609375,0.018740508899131036,0
2018-10-26,1565.93994140625,-0.01649909256677562,0
2018-10-29,1555.68994140625,-0.006545589475669966,0
2018-10-30,1580.739990234375,0.016102211733451943,0
2018-10-31,1597.7099609375,0.010735459852957208,0
2018-11-01,1617.47998046875,0.012373972757639518,0
2018-11-02,1608.4599609375,-0.005576588050651421,0
2018-11-05,1615.68994140625,0.004494970744895577,0
2018-11-06,1625.4200439453125,0.0060222585346998425,0
2018-11-07,1658.699951171875,0.020474650445298836,0
2018-11-08,1653.8699951171875,-0.002911892564580576,0
2018-11-09,1637.22998046875,-0.010061259166418646,0
2018-11-12,1604.969970703125,-0.01970401846439973,0
2018-11-13,1602.9000244140625,-0.001289710291685786,0
2018-11-14,1590.5999755859375,-0.007673621960684218,0
2018-11-15,1608.260009765625,0.011102750189080135,0
2018-11-16,1611.760009765625,0.0021762650185588317,0
2018-11-19,1583.6099853515625,-0.017465394502594656,0
2018-11-20,1555.4200439453125,-0.017801063182859234,0
2018-11-21,1562.6800537109375,0.0046675557473272455,0
2018-11-23,1554.010009765625,-0.005548188782933172,0
2018-11-26,1577.8399658203125,0.015334493281855766,0
2018-11-27,1579.8800048828125,0.0012929315435608046,0
2018-11-28,1616.5899658203125,0.023235917173483722,0
2018-11-29,1613.1500244140625,-0.0021278997636883235,0
2018-11-30,1625.989990234375,0.007959560875298255,0
2018-12-03,1643.9000244140625,0.011014848976472313,0
2018-12-04,1589.0799560546875,-0.03334756831025332,0
2018-12-06,1587.1800537109375,-0.0011955989605878514,0
2018-12-07,1550.489990234375,-0.02311650993268133,0
2018-12-10,1551.949951171875,0.0009416126171051253,0
2018-12-11,1550.8499755859375,-0.0007087700122718754,0
2018-12-12,1560.050048828125,0.005932278032703575,0
2018-12-13,1556.780029296875,-0.0020960991179137523,0
2018-12-14,1528.3599853515625,-0.018255658095863714,0
2018-12-17,1495.6099853515625,-0.02142819775045779,0
2018-12-18,1495.719970703125,7.353879195770574e-05,0
2018-12-19,1472.1800537109375,-0.015738184588871662,0
2018-12-20,1448.56005859375,-0.016044229819340616,0
2018-12-21,1418.06005859375,-0.02105539209027285,0
2018-12-26,1449.1600341796875,0.021931352905305346,0
2018-12-28,1459.52001953125,0.007148958781096226,0
2018-12-31,1472.1400146484375,0.008646674898807216,0
2019-01-02,1473.6600341796875,0.0010325237519019925,0
2019-01-03,1438.760009765625,-0.023682547944980814,0
2019-01-04,1488.530029296875,0.03459230114364775,0
2019-01-07,1501.3299560546875,0.008599038316921659,0
2019-01-08,1517.1400146484375,0.010530702148445092,0
2019-01-09,1524.6199951171875,0.004930316514315525,0
2019-01-10,1531.8299560546875,0.00472902163200728,0
2019-01-11,1531.8800048828125,3.2672574346248595e-05,0
2019-01-14,1523.010009765625,-0.005790267572469587,0
2019-01-15,1538.77001953125,0.010347935774926542,0
2019-01-17,1555.3499755859375,0.010774810949161884,0
2019-01-18,1575.3599853515625,0.012865277962978539,0
2019-01-22,1552.6700439453125,-0.014403020019063462,0
2019-01-23,1555.0999755859375,0.0015650019462283282,1
2019-01-24,1558.8800048828125,0.00243073072871125,1
2019-01-25,1573.31005859375,0.009256680222813118,1
2019-01-29,1559.72998046875,-0.00863153327649735,1
2019-01-30,1583.0400390625,0.014944932062371796,1
2019-01-31,1596.5400390625,0.008527895483929182,1
2019-02-01,1599.0699462890625,0.0015846187158876646,1
2019-02-04,1610.510009765625,0.007154198290769687,1
2019-02-05,1617.800048828125,0.004526540672392887,1
2019-02-06,1614.280029296875,-0.0021758062955924418,1
2019-02-07,1599.969970703125,-0.008864669285404525,1
2019-02-08,1601.1400146484375,0.0007312911909205244,1
2019-02-11,1603.699951171875,0.001598821152439589,1
2019-02-12,1624.199951171875,0.012782939841720298,1
2019-02-13,1629.010009765625,0.002961494113012053,1
2019-02-14,1625.47998046875,-0.002166978272517106,1
2019-02-15,1643.449951171875,0.01105517811295531,1
2019-02-19,1646.1099853515625,0.001618567196275622,1
2019-02-20,1649.1099853515625,0.0018224784654101711,1
2019-02-21,1643.22998046875,-0.003565562597426797,1
2019-02-22,1654.5400390625,0.006882821472453671,1
2019-02-25,1656.43994140625,0.001148296383825409,1
2019-02-27,1654.1600341796875,-0.0013763899128312884,1
2019-02-28,1649.219970703125,-0.002986448332982672,1
2019-03-01,1660.6099853515625,0.006906304101800043,1
2019-03-05,1650.260009765625,-0.006232634801209058,1
2019-03-07,1624.06005859375,-0.015876256478878137,1
2019-03-08,1620.699951171875,-0.002068955149838736,1
2019-03-11,1644.8699951171875,0.014913336628310514,1
2019-03-12,1649.469970703125,0.0027965587551554982,1
2019-03-13,1660.25,0.006535450470965376,1
2019-03-14,1658.3599853515625,-0.001138391596709809,1
2019-03-15,1665.8399658203125,0.00451046849587633,1
2019-03-18,1672.5899658203125,0.0040520098799983195,1
2019-03-19,1671.1800537109375,-0.0008429514335173138,1
2019-03-20,1665.25,-0.003548422982771693,1
2019-03-22,1649.050048828125,-0.009728239706875863,1
2019-03-26,1660.5999755859375,0.007003988002680872,1
2019-03-28,1660.030029296875,-0.0003432170886678021,1
2019-04-01,1690.1800537109375,0.01816233675413259,1
2019-04-02,1689.8900146484375,-0.00017160246440206528,1
2019-04-03,1694.3299560546875,0.0026273552525686306,1
2019-04-04,1697.4300537109375,0.0018296894563964994,1
2019-04-05,1706.280029296875,0.005213749789918953,1
2019-04-08,1707.6700439453125,0.0008146462623783712,1
2019-04-10,1704.27001953125,-0.0019910312452441348,1
2019-04-12,1715.4200439453125,0.0065424048339060015,1
2019-04-15,1713.8699951171875,-0.0009035972463979913,1
2019-04-16,1714.6600341796875,0.0004609679058218408,1
2019-04-18,1710.969970703125,-0.0021520671170993655,1
2019-04-22,1711.8699951171875,0.000526031683474093,1
2019-04-23,1728.4300537109375,0.00967366601493369,1
2019-04-24,1725.52001953125,-0.0016836285468652123,1
2019-04-26,1732.4300537109375,0.004004609683731619,1
2019-04-29,1734.7099609375,0.001316016898736505,1
2019-05-01,1722.22998046875,-0.007194274979550719,1
2019-05-02,1719.6300048828125,-0.0015096564427649062,1
2019-05-03,1737.949951171875,0.010653423257935613,1
2019-05-06,1731.2099609375,-0.003878126772195234,1
2019-05-07,1701.8299560546875,-0.01697079242017674,0
2019-05-08,1698.72998046875,-0.0018215542480660707,0
2019-05-09,1693.8800048828125,-0.0028550597456337146,0
2019-05-10,1699.780029296875,0.0034831418973333417,0
2019-05-13,1656.760009765625,-0.025309168709933272,0
2019-05-15,1680.9100341796875,0.014576658219483951,0
2019-05-16,1695.5999755859375,0.00873927878800429,0
2019-05-17,1683.9300537109375,-0.006882473486098828,0
2019-05-20,1672.0899658203125,-0.007031223098924233,0
2019-05-22,1681.550048828125,0.005657639960282568,0
2019-05-23,1659.9000244140625,-0.012875040162587115,0
2019-05-24,1663.3599853515625,0.0020844393557506447,0
2019-05-28,1649.75,-0.00818222481688824,0
2019-05-29,1638.06005859375,-0.0070858865926655135,0
2019-05-30,1640.68994140625,0.001605486196127437,0
2019-05-31,1619.719970703125,-0.012781190506447215,0
2019-06-03,1616.0799560546875,-0.0022473110872722746,0
2019-06-05,1664.1199951171875,0.02972627615515977,0
2019-06-06,1670.1700439453125,0.0036355844806124082,1
2019-06-07,1689.4300537109375,0.011531765783637571,1
2019-06-10,1697.8699951171875,0.00499573296196032,1
2019-06-11,1696.6099853515625,-0.0007421120399374592,1
2019-06-12,1693.52001953125,-0.0018212587730775942,1
2019-06-13,1701.4000244140625,0.004653033204174095,1
2019-06-17,1699.550048828125,-0.001087325472782119,1
2019-06-18,1716.469970703125,0.009955530222052866,1
2019-06-19,1722.0699462890625,0.003262495517846853,1
2019-06-20,1737.3900146484375,0.008896310159984377,1
2019-06-21,1733.449951171875,-0.0022678059867633493,1
2019-06-24,1728.0799560546875,-0.003097865683146628,1
2019-06-25,1712.1099853515625,-0.00924145358388706,1
2019-06-26,1713.6600341796875,0.0009053441901436532,1
2019-06-28,1730.9000244140625,0.010060332790936322,1
2019-07-02,1747.0899658203125,0.00935348152862292,1
2019-07-03,1760.760009765625,0.007824464803044107,1
2019-07-05,1758.530029296875,-0.0012664874579056962,1
2019-07-08,1749.050048828125,-0.005390855038478026,1
2019-07-09,1752.0,0.001686601920769304,1
2019-07-10,1759.1300048828125,0.004069637490189848,1
2019-07-11,1761.9200439453125,0.0015860334681097044,1
2019-07-12,1770.800048828125,0.005039959056784671,1
2019-07-15,1770.4200439453125,-0.00021459502616572035,1
2019-07-17,1754.0,-0.00927465998900523,1
2019-07-18,1760.1600341796875,0.003511992120688534,1
2019-07-19,1749.489990234375,-0.006061973762678474,1
2019-07-22,1753.6600341796875,0.00238357691017943,1
2019-07-23,1765.6099853515625,0.006814291789152271,1
2019-07-24,1776.4300537109375,0.00612823242343663,1
2019-07-25,1765.5699462890625,-0.006113444995590078,1
2019-07-26,1779.47998046875,0.007878495105177796,1
2019-07-29,1775.280029296875,-0.002360212656491223,1
2019-07-30,1773.0400390625,-0.0012617672690556914,1
2019-07-31,1754.6500244140625,-0.010372024457023121,0
2019-08-01,1737.489990234375,-0.009779747494328861,0
2019-08-02,1723.31005859375,-0.008161158752179154,0
2019-08-05,1671.77001953125,-0.029907583261341575,0
2019-08-06,1693.3599853515625,0.012914435339835828,0
2019-08-07,1695.0999755859375,0.0010275371152186352,0
2019-08-08,1727.6800537109375,0.019220151374103045,0
2019-08-09,1714.969970703125,-0.007356734240527962,0
2019-08-12,1694.510009765625,-0.011930215273163958,0
2019-08-14,1667.5799560546875,-0.015892531502166962,0
2019-08-15,1670.52001953125,0.001763071968985841,0
2019-08-16,1695.9200439453125,0.01520486083201189,0
2019-08-19,1715.4599609375,0.01152172065065682,0
2019-08-20,1702.469970703125,-0.007572307445331439,0
2019-08-21,1716.56005859375,0.008276262214954588,0
2019-08-22,1715.4100341796875,-0.0006699587400423868,0
2019-08-23,1670.739990234375,-0.02604044692246066,0
2019-08-26,1688.43994140625,0.010594078836523302,0
2019-08-27,1681.1700439453125,-0.004305689105460697,0
2019-08-28,1692.3699951171875,0.006661997822416277,0
2019-08-29,1714.4300537109375,0.013035009281302301,0
2019-08-30,1715.239990234375,0.00047242319491802576,0
2019-09-03,1701.97998046875,-0.007730702316363969,0
2019-09-04,1720.1199951171875,0.010658183325658932,0
2019-09-05,1742.9000244140625,0.013243279167464816,0
2019-09-06,1743.6099853515625,0.00040734461389346777,1
2019-09-09,1744.3800048828125,0.0004416237218869412,1
2019-09-10,1741.9100341796875,-0.0014159590778449749,1
2019-09-11,1761.06005859375,0.010993693151943207,1
2019-09-12,1765.3199462890625,0.002418933797586842,1
2019-09-13,1763.9000244140625,-0.0008043425091213141,1
2019-09-16,1760.699951171875,-0.0018142032983136103,1
2019-09-17,1764.5,0.0021582603132326295,1
2019-09-18,1763.780029296875,-0.0004080310020544431,1
2019-09-19,1763.280029296875,-0.00028348206221573413,1
2019-09-20,1755.31005859375,-0.004519968791515838,1
2019-09-23,1755.2099609375,-5.7025626760354164e-05,1
2019-09-24,1738.6800537109375,-0.009417623870897729,1
2019-09-25,1750.18994140625,0.0066198997743986965,1
2019-09-26,1744.530029296875,-0.0032338844918896603,1
2019-09-27,1734.0,-0.006036026391084248,1
2019-09-30,1742.699951171875,0.0050172728788207,1
2019-10-01,1720.1199951171875,-0.012956881096773842,1
2019-10-02,1691.050048828125,-0.016899952544928154,1
2019-10-03,1704.489990234375,0.007947689907559896,1
2019-10-04,1727.8699951171875,0.013716715860324635,1
2019-10-07,1720.8499755859375,-0.004062816966026395,1
2019-10-08,1693.280029296875,-0.016021121352937873,1
2019-10-09,1708.219970703125,0.008823077782623923,1
2019-10-10,1718.3699951171875,0.0059418720001760406,1
2019-10-11,1738.6199951171875,0.011784423644233266,1
2019-10-14,1735.8199462890625,-0.0016105007626673329,1
2019-10-15,1752.9599609375,0.009874304466359174,1
2019-10-16,1748.9000244140625,-0.0023160463524027897,1
2019-10-17,1755.1500244140625,0.0035736748314667555,1
2019-10-18,1748.0699462890625,-0.004033887717013629,1
2019-10-21,1759.739990234375,0.006675959374558449,1
2019-10-22,1753.8499755859375,-0.0033470937076636176,1
2019-10-23,1758.3900146484375,0.0025886131229573284,1
2019-10-24,1759.1300048828125,0.0004208339607314482,1
2019-10-25,1770.3199462890625,0.006361065626298235,1
2019-10-28,1780.6500244140625,0.005835147565644183,1
2019-10-29,1779.6199951171875,-0.0005784569021157759,1
2019-10-30,1784.6300048828125,0.0028152132361802806,1
2019-10-31,1778.199951171875,-0.0036030178206937213,1
2019-11-01,1796.77001953125,0.010443183482901741,1
2019-11-04,1803.43994140625,0.003712173401435148,1
2019-11-05,1801.510009765625,-0.0010701391248549852,1
2019-11-06,1801.3499755859375,-8.883335580711638e-05,1
2019-11-07,1806.3199462890625,0.0027590256032885563,1
2019-11-08,1811.449951171875,0.0028400311325531558,1
2019-11-11,1808.47998046875,-0.0016395543808448432,1
2019-11-12,1811.050048828125,0.0014211207130470083,1
2019-11-13,1811.760009765625,0.00039201618859707743,1
2019-11-14,1813.4000244140625,0.0009052052366746999,1
2019-11-15,1827.1099853515625,0.007560362166604717,1
2019-11-18,1827.7099609375,0.00032837409392305617,1
2019-11-19,1827.8900146484375,9.851328426591088e-05,1
2019-11-20,1821.75,-0.003359072263228291,1
2019-11-21,1817.8800048828125,-0.0021243283201248797,1
2019-11-22,1821.989990234375,0.002260867241249853,1
2019-11-25,1837.9200439453125,0.008743216920137131,1
2019-11-27,1850.219970703125,0.006692307860906244,1
2019-11-29,1842.050048828125,-0.004415648952213691,1
2019-12-02,1825.530029296875,-0.008968279413341551,1
2019-12-03,1814.4100341796875,-0.0060913789084425796,1
2019-12-04,1825.47998046875,0.006101127132526862,1
2019-12-05,1827.760009765625,0.0012490026301408275,1
2019-12-06,1844.43994140625,0.009125887179665337,1
2019-12-09,1838.5699462890625,-0.003182535243035356,1
2019-12-10,1836.72998046875,-0.0010007592172526225,1
2019-12-11,1841.25,0.002460905837719407,1
2019-12-12,1856.280029296875,0.008162948701629258,1
2019-12-13,1855.75,-0.0002855330491681185,1
2019-12-16,1869.31005859375,0.0073070502997441,1
2019-12-17,1870.47998046875,0.0006258575829203306,1
2019-12-18,1870.2900390625,-0.00010154688007002477,1
2019-12-19,1878.6500244140625,0.0044698871174830845,1
2019-12-20,1887.8199462890625,0.004881123016970745,1
2019-12-23,1889.469970703125,0.000874036963803615,1
2019-12-24,1889.6300048828125,8.469792172882684e-05,1
2019-12-26,1898.239990234375,0.004556439794729306,1
2019-12-27,1897.239990234375,-0.000526803778839624,1
2019-12-30,1886.6600341796875,-0.0055764985500755815,1
2019-12-31,1892.25,0.0029628898259579373,1
2020-01-02,1906.5,0.007530717399920839,1
2020-01-03,1894.530029296875,-0.006278505482887442,1
2020-01-06,1900.9000244140625,0.003362308867467023,1
2020-01-07,1896.010009765625,-0.0025724733471687022,1
2020-01-08,1905.02001953125,0.004752089767046552,1
2020-01-09,1916.7099609375,0.006136387694826606,1
2020-01-10,1911.280029296875,-0.0028329438210720204,1
2020-01-13,1925.219970703125,0.0072935107323746085,1
2020-01-14,1923.6300048828125,-0.0008258618986440869,1
2020-01-15,1927.3299560546875,0.0019234214284884477,1
2020-01-16,1944.239990234375,0.008773813807316566,1
2020-01-17,1949.8699951171875,0.0028957355630432335,1
2020-01-21,1944.3299560546875,-0.002841235095864425,1
2020-01-22,1945.0400390625,0.00036520705017228927,1
2020-01-23,1947.1300048828125,0.0010745104359495272,1
2020-01-24,1929.1199951171875,-0.009249515810686115,1
2020-01-27,1899.6199951171875,-0.015291946625750397,1
2020-01-28,1918.6600341796875,0.010023077832114202,1
2020-01-29,1916.530029296875,-0.001110152317173374,1
2020-01-30,1922.25,0.002984545306197628,1
2020-01-31,1888.030029296875,-0.017802039642671352,1
2020-02-03,1903.6300048828125,0.0082625675142185,1
2020-02-04,1933.0799560546875,0.015470417621247678,1
2020-02-05,1952.6700439453125,0.010134132232485271,1
2020-02-06,1957.77001953125,0.0026117958852041046,1
2020-02-07,1946.3499755859375,-0.005833189716556553,1
2020-02-10,1960.489990234375,0.007264888034424821,1
2020-02-11,1965.1800537109375,0.0023922914679108676,1
2020-02-12,1977.989990234375,0.00651845437737264,1
2020-02-13,1976.219970703125,-0.0008948576787490836,1
2020-02-14,1979.52001953125,0.001669879303441535,1
2020-02-18,1974.6700439453125,-0.00245007655294438,1
2020-02-19,1984.260009765625,0.004856490252494128,1
2020-02-20,1978.550048828125,-0.00287762738219699,1
2020-02-21,1957.6400146484375,-0.010568362519852492,0
2020-02-24,1893.0,-0.0330193570650148,-1
2020-02-25,1834.5899658203125,-0.030855802524927367,-1
2020-02-26,1824.739990234375,-0.005369033827421599,-1
2020-02-27,1745.7099609375,-0.04331029610784387,-1
2020-02-28,1730.31005859375,-0.008821569841693355,-1
2020-03-02,1805.7099609375,0.04357594869732684,-1
2020-03-03,1756.9599609375,-0.02699769124311069,-1
2020-03-04,1828.1300048828125,0.04050749335650017,-1
2020-03-05,1766.3699951171875,-0.03378316071650711,-1
2020-03-06,1735.010009765625,-0.017753916471776376,-1
2020-03-09,1598.8499755859375,-0.07847795310303762,-1
2020-03-10,1674.5699462890625,0.04735902170894768,-1
2020-03-11,1589.489990234375,-0.05080704824736004,-1
2020-03-12,1435.93994140625,-0.09660334432523454,-1
2020-03-13,1564.7099609375,0.08967646613767322,-1
2020-03-16,1371.969970703125,-0.12317937192583239,-1
2020-03-17,1451.4100341796875,0.057902188220526396,-1
2020-03-18,1366.6199951171875,-0.058419080112272925,-1
2020-03-19,1382.8399658203125,0.011868676560475855,-1
2020-03-20,1324.800048828125,-0.041971535699546925,-1
2020-03-23,1288.0400390625,-0.027747590889766083,-1
2020-03-24,1409.8800048828125,0.09459330620575557,-1
2020-03-25,1429.25,0.013738754397610853,-1
2020-03-26,1517.5699462890625,0.061794609962611435,-1
2020-03-27,1466.3599853515625,-0.03374471210551089,-1
2020-03-30,1512.3900146484375,0.03139067470246015,-1
2020-03-31,1489.5699462890625,-0.01508874571925789,-1
2020-04-01,1420.27001953125,-0.04652344586466595,-1
2020-04-02,1449.52001953125,0.020594675377048288,-1
2020-04-03,1425.0699462890625,-0.0168677030415173,-1
2020-04-06,1527.2099609375,0.07167368515097383,-1
2020-04-07,1526.5400390625,-0.0004386573504200353,-1
2020-04-08,1581.1300048828125,0.035760585653447974,-1
2020-04-09,1609.0699462890625,0.017670869137873746,-1
2020-04-13,1590.3199462890625,-0.011652694181034429,-1
2020-04-14,1637.8299560546875,0.029874497818182633,-1
2020-04-15,1599.47998046875,-0.023415114276159277,-1
2020-04-16,1607.030029296875,0.004720314677469251,-1
2020-04-17,1653.1600341796875,0.028705129364008153,-1
2020-04-20,1625.0699462890625,-0.0169917535567351,-1
2020-04-21,1575.5,-0.030503269352964324,-1
2020-04-22,1610.5400390625,0.022240583346556653,-1
2020-04-23,1611.4599609375,0.0005711884539894019,-1
2020-04-24,1634.1199951171875,0.014061804034215308,-1
2020-04-27,1663.3499755859375,0.01788729135931888,-1
2020-04-28,1657.1700439453125,-0.0037153525904540796,-1
2020-04-29,1705.3199462890625,0.02905549887271497,-1
2020-04-30,1684.949951171875,-0.011944969717567977,-1
2020-05-01,1635.5899658203125,-0.029294629978316444,-1
2020-05-04,1643.199951171875,0.004652746416028419,-1
2020-05-05,1658.6099853515625,0.00937806392259044,-1
2020-05-06,1647.9200439453125,-0.006445120613441935,-1
2020-05-07,1669.0899658203125,0.012846449651960468,-1
2020-05-08,1700.52001953125,0.018830652843503604,-1
2020-05-11,1700.030029296875,-0.00028814140894972695,-1
2020-05-12,1662.81005859375,-0.0218937136766455,-1
2020-05-13,1630.3699951171875,-0.01950918164639759,-1
2020-05-14,1648.6099853515625,0.011187638566093616,-1
2020-05-15,1656.81005859375,0.004973931563588607,-1
2020-05-18,1713.0699462890625,0.033956751652669315,-1
2020-05-19,1694.8900146484375,-0.010612486477862282,-1
2020-05-20,1724.969970703125,0.017747438355713463,-1
2020-05-21,1713.72998046875,-0.006516049801025492,-1
2020-05-22,1718.6600341796875,0.002876797259267816,-1
2020-05-27,1770.1600341796875,0.02996520485482801,-1
2020-05-28,1763.219970703125,-0.003920585338363813,-1
2020-05-29,1771.3699951171875,0.004622239170086306,-1
2020-06-01,1780.52001953125,0.005165507172010697,-1
2020-06-02,1795.25,0.008272853046958684,-1
2020-06-03,1822.1800537109375,0.015000726200215864,-1
2020-06-04,1816.0899658203125,-0.003342198746069225,-1
2020-06-05,1864.219970703125,0.02650199372753681,-1
2020-06-08,1889.6700439453125,0.01365186171275079,-1
2020-06-09,1871.6700439453125,-0.009525472480062747,-1
2020-06-10,1858.5400390625,-0.007015127973697521,-1
2020-06-11,1746.699951171875,-0.06017631341805274,-1
2020-06-12,1771.06005859375,0.01394636062452026,-1
2020-06-16,1822.949951171875,0.029298776360710432,-1
2020-06-17,1814.9100341796875,-0.004410388221036454,0
2020-06-18,1812.260009765625,-0.0014601409238779173,0
2020-06-19,1806.3900146484375,-0.0032390468727203636,0
2020-06-22,1818.3399658203125,0.006615377119542298,0
2020-06-23,1825.6500244140625,0.004020182546255802,0
2020-06-24,1776.5699462890625,-0.026883618146228305,0
2020-06-25,1797.52001953125,0.011792428035804825,0
2020-06-26,1754.8699951171875,-0.02372714848827362,0
2020-06-29,1781.489990234375,0.015169212073404825,0
2020-06-30,1809.25,0.015582467438940206,0
2020-07-01,1817.4200439453125,0.0045157075834254545,0
2020-07-02,1825.969970703125,0.004704430759579381,0
2020-07-06,1854.4599609375,0.015602660882426456,0
2020-07-07,1833.989990234375,-0.011038238157903724,0
2020-07-08,1849.550048828125,0.008484265822934711,0
2020-07-09,1838.0899658203125,-0.00619614647090716,0
2020-07-10,1858.0999755859375,0.0108863059685409,0
2020-07-13,1836.8499755859375,-0.011436413690979697,0
2020-07-14,1861.800048828125,0.01358307623039745,0
2020-07-15,1883.6500244140625,0.011735941031739916,0
2020-07-16,1876.1700439453125,-0.003971003303056109,1
2020-07-17,1882.5799560546875,0.003416487823191039,1
2020-07-20,1899.030029296875,0.008738047586919873,1
2020-07-21,1902.5,0.0018272331925208718,1
2020-07-22,1913.3199462890625,0.005687225381898919,1
2020-07-23,1891.1300048828125,-0.011597611496858118,1
2020-07-24,1877.0400390625,-0.0074505537873825745,1
2020-07-27,1893.0999755859375,0.008555990383379841,1
2020-07-28,1879.6700439453125,-0.00709414812414666,1
2020-07-29,1905.6300048828125,0.013810913793684598,1
2020-07-30,1899.1700439453125,-0.003389934520839577,1
2020-07-31,1909.8900146484375,0.005644555492701153,1
2020-08-03,1926.550048828125,0.00872303329087476,1
2020-08-04,1933.719970703125,0.0037216380022730977,1
2020-08-05,1948.25,0.007514029702859082,1
2020-08-06,1958.0400390625,0.005025042506095145,1
2020-08-07,1959.47998046875,0.0007353993674916737,1
2020-08-10,1963.8800048828125,0.00224550618425301,1
2020-08-11,1948.2900390625,-0.00793834948242822,1
2020-08-12,1974.47998046875,0.013442526975527835,1
2020-08-13,1972.22998046875,-0.0011395405485274956,1
2020-08-14,1971.3399658203125,-0.00045127325781035843,1
2020-08-17,1979.6300048828125,0.0042052812839161735,1
2020-08-18,1982.489990234375,0.0014447070131833328,1
2020-08-19,1973.8900146484375,-0.004337966712720132,1
2020-08-20,1980.2900390625,0.003242340944311639,1
2020-08-21,1984.989990234375,0.002373365052171783,1
2020-08-24,2003.6700439453125,0.00941065385862827,1
2020-08-25,2010.6199951171875,0.003468610609254963,1
2020-08-26,2029.4200439453125,0.009350373951209745,1
2020-08-27,2033.8399658203125,0.002177923633003731,1
2020-08-28,2047.81005859375,0.0068688259687152975,1
2020-08-31,2045.010009765625,-0.0013673381553989117,1
2020-09-01,2062.43994140625,0.008523152237588594,1
2020-09-02,2089.830078125,0.013280453005615422,0
2020-09-03,2014.8499755859375,-0.03587856415883095,0
2020-09-04,1997.8800048828125,-0.008422448772241742,0
2020-09-08,1940.989990234375,-0.028475190957113816,0
2020-09-09,1980.1500244140625,0.020175289093046223,0
2020-09-10,1947.5400390625,-0.016468441759210584,0
2020-09-11,1946.97998046875,-0.00028757231302911634,0
2020-09-14,1977.219970703125,0.015531741742457195,0
2020-09-15,1988.4100341796875,0.005659493451597664,0
2020-09-16,1981.530029296875,-0.0034600533916792076,0
2020-09-17,1964.5999755859375,-0.008543929923153892,0
2020-09-18,1945.719970703125,-0.009610101352659162,0
2020-09-21,1922.2900390625,-0.012041779903280814,0
2020-09-22,1941.2099609375,0.009842386679705939,0
2020-09-23,1893.6800537109375,-0.02448468129825998,0
2020-09-24,1897.8399658203125,0.0021967343961948327,0
2020-09-25,1929.699951171875,0.016787498379923438,0
2020-09-28,1962.1600341796875,0.016821310996095518,0
2020-09-29,1953.050048828125,-0.004642835035303827,0
2020-09-30,1968.0899658203125,0.007700733015629568,0
2020-10-01,1982.8399658203125,0.007494576089590588,0
2020-10-02,1966.3699951171875,-0.008306253145503484,0
2020-10-05,2003.3199462890625,0.0187909453783508,0
2020-10-06,1978.300048828125,-0.012489216965709482,0
2020-10-07,2013.43994140625,0.017762670833952,0
2020-10-08,2029.8900146484375,0.008170133562910298,0
2020-10-09,2047.3599853515625,0.008606363190643451,0
2020-10-12,2077.679931640625,0.014809289282781357,0
2020-10-13,2066.5400390625,-0.0053616981174422484,0
2020-10-14,2053.25,-0.00643105810257083,0
2020-10-15,2051.989990234375,-0.0006136660248995396,0
2020-10-16,2051.06005859375,-0.00045318527139537323,0
2020-10-19,2019.510009765625,-0.015382313499759936,0
2020-10-20,2027.260009765625,0.003837564539182159,0
2020-10-21,2020.3599853515625,-0.0034036208383848576,0
2020-10-22,2033.0799560546875,0.006295893204849579,0
2020-10-23,2040.8900146484375,0.0038414911181878786,0
2020-10-26,2002.739990234375,-0.018692837017302066,0
2020-10-27,1995.969970703125,-0.003380378663361938,0
2020-10-28,1928.010009765625,-0.0340485888740899,0
2020-10-29,1950.1300048828125,0.011472966947861707,0
2020-10-30,1923.699951171875,-0.013552970132637787,0
2020-11-02,1947.6300048828125,0.01243959781584425,0
2020-11-03,1984.780029296875,0.019074477349869,0
2020-11-04,2026.550048828125,0.021045163148909474,0
2020-11-05,2068.4599609375,0.020680422935327902,0
2020-11-06,2065.669921875,-0.00134884847431882,0
2020-11-09,2090.360107421875,0.011952628677704524,0
2020-11-10,2088.8798828125,-0.0007081194307715366,0
2020-11-11,2105.14990234375,0.007788872718398565,0
2020-11-12,2084.02001953125,-0.01003723430287562,0
2020-11-13,2112.3798828125,0.01360824896856272,0
2020-11-16,2138.510009765625,0.012369994225818193,0
2020-11-17,2133.10009765625,-0.002529757674581967,0
2020-11-18,2111.050048828125,-0.010337090534266347,0
2020-11-19,2122.3701171875,0.005362292744153008,0
2020-11-20,2110.89990234375,-0.0054044366488489315,0
2020-11-23,2127.199951171875,0.007721848302720158,0
2020-11-24,2160.580078125,0.01569204951078329,0
2020-11-25,2158.969970703125,-0.0007452199704036655,1
2020-11-27,2166.60009765625,0.0035341514966231724,1
2020-11-30,2154.2900390625,-0.005681740071491026,1
2020-12-01,2176.679931640625,0.01039316534549295,1
2020-12-02,2179.1298828125,0.001125544980804083,1
2020-12-03,2181.570068359375,0.0011197981203971974,1
2020-12-04,2204.080078125,0.010318261188169586,1
2020-12-07,2202.14990234375,-0.0008757285183993435,1
2020-12-08,2210.93994140625,0.0039915716242318044,1
2020-12-09,2190.52001953125,-0.00923585552577788,1
2020-12-10,2193.510009765625,0.0013649682302445676,1
2020-12-11,2189.510009765625,-0.0018235613159692798,1
2020-12-14,2182.830078125,-0.003050879699490361,1
2020-12-15,2212.489990234375,0.01358782454328833,1
2020-12-16,2215.179931640625,0.0012157982264882072,1
2020-12-17,2232.169921875,0.007669801442175217,1
2020-12-18,2227.0,-0.002316096917324928,1
2020-12-21,2220.10009765625,-0.003098294721037287,1
2020-12-22,2220.3701171875,0.0001216249355311394,1
2020-12-23,2222.64990234375,0.0010267590698516127,1
2020-12-24,2228.6298828125,0.002690473413039074,1
2020-12-28,2240.85009765625,0.00548328591391245,1
2020-12-29,2232.010009765625,-0.003944970660853642,1
2020-12-30,2237.760009765625,0.002576153321375063,1
2020-12-31,2248.43994140625,0.004772599203675787,1
2021-01-04,2215.419921875,-0.01468574673628964,1
2021-01-05,2233.699951171875,0.008251270613023998,1
2021-01-06,2252.35009765625,0.00834944123743675,1
2021-01-07,2288.43994140625,0.016023194523602013,1
2021-01-08,2299.300048828125,0.0047456379454735576,1
2021-01-11,2286.52001953125,-0.005558225992901011,1
2021-01-12,2293.010009765625,0.0028383701777976444,1
2021-01-13,2295.139892578125,0.0009288589249192292,1
2021-01-14,2292.02001953125,-0.0013593389479062967,1
2021-01-15,2273.8798828125,-0.00791447568702297,1
2021-01-19,2293.239990234375,0.008514129338234477,1
2021-01-20,2322.8701171875,0.012920639391996946,1
2021-01-21,2320.77001953125,-0.0009040960321934355,1
2021-01-22,2317.260009765625,-0.00151243325968764,1
2021-01-25,2323.2099609375,0.0025676666178158225,1
2021-01-26,2315.7099609375,-0.003228291943520034,1
2021-01-27,2256.1298828125,-0.02572864440280742,0
2021-01-28,2278.68994140625,0.009999450282368816,0
2021-01-29,2236.3701171875,-0.018571997642045646,0
2021-02-01,2274.5400390625,0.01706780178363454,0
2021-02-02,2307.580078125,0.014526030975527737,0
2021-02-03,2309.93994140625,0.0010226571565687959,0
2021-02-04,2337.5,0.01193107149659145,0
2021-02-05,2350.169921875,0.0054202874331550355,0
2021-02-08,2371.840087890625,0.009220680519277602,0
2021-02-09,2371.699951171875,-5.9083544234450613e-05,0
2021-02-10,2370.669921875,-0.00043430000340727304,0
2021-02-11,2375.949951171875,0.0022272308971207355,0
2021-02-12,2387.3701171875,0.004806568425396396,0
2021-02-16,2383.719970703125,-0.0015289403423861536,0
2021-02-17,2379.56005859375,-0.0017451345629948545,0
2021-02-18,2366.090087890625,-0.005660697932156955,0
2021-02-19,2369.139892578125,0.0012889638915731805,0
2021-02-22,2347.06005859375,-0.009319767926556422,0
2021-02-23,2346.840087890625,-9.372180414368714e-05,0
2021-02-24,2373.830078125,0.011500566388668698,0
2021-02-25,2311.179931640625,-0.02639200971531208,0
2021-02-26,2303.219970703125,-0.0034441113080492247,0
2021-03-01,2360.909912109375,0.025047517015336807,0
2021-03-02,2338.260009765625,-0.009593717332277762,0
2021-03-03,2304.68994140625,-0.014356858612460277,0
2021-03-04,2268.02001953125,-0.015911000094279593,0
2021-03-05,2310.969970703125,0.018937201083768063,0
2021-03-08,2298.760009765625,-0.00528347883888125,0
2021-03-09,2334.85009765625,0.015699806738113775,0
2021-03-10,2350.469970703125,0.006689882602122665,0
2021-03-11,2380.739990234375,0.012878283878774655,0
2021-03-12,2384.010009765625,0.0013735307276996345,0
2021-03-15,2400.89990234375,0.0070846567375719705,0
2021-03-16,2392.110107421875,-0.0036610418090710084,0
2021-03-17,2399.7099609375,0.003177050041319296,0
2021-03-18,2358.47998046875,-0.017181234874169005,0
2021-03-19,2360.35009765625,0.0007929332464073902,0
2021-03-22,2373.419921875,0.005537239679710204,0
2021-03-23,2347.97998046875,-0.01071868537538545,0
2021-03-24,2328.9599609375,-0.008100588458787805,0
2021-03-25,2344.580078125,0.006706906709212923,0
2021-03-26,2383.300048828125,0.016514671887039922,0
2021-03-29,2373.02001953125,-0.0043133592440153246,1
2021-03-30,2371.10009765625,-0.0008090626540012691,1
2021-03-31,2382.739990234375,0.00490906840653027,1
2021-04-01,2413.169921875,0.012770982887491567,1
2021-04-05,2443.39990234375,0.012527083233849323,1
2021-04-06,2443.179931640625,-9.002648437284044e-05,1
2021-04-07,2441.8798828125,-0.0005321134196006883,1
2021-04-08,2454.699951171875,0.005250081484192037,1
2021-04-09,2471.10009765625,0.0066811206300572135,1
2021-04-12,2470.97998046875,-4.860879072199342e-05,1
2021-04-13,2480.080078125,0.003682788904879608,1
2021-04-14,2472.030029296875,-0.003245882622552654,1
2021-04-15,2499.02001953125,0.010918148207953449,1
2021-04-16,2506.659912109375,0.003057155412287571,1
2021-04-19,2490.6201171875,-0.006398871599768596,1
2021-04-20,2470.260009765625,-0.00817471411291193,1
2021-04-21,2496.25,0.01052115572111001,1
2021-04-22,2476.56005859375,-0.007887808274912422,1
2021-04-23,2505.7900390625,0.011802653590943901,1
2021-04-26,2514.1298828125,0.0033282292690093307,1
2021-04-27,2513.669921875,-0.00018295034820769995,1
2021-04-28,2511.320068359375,-0.0009348297861925259,1
2021-04-29,2523.300048828125,0.004770391723336376,1
2021-04-30,2503.56005859375,-0.007823084790706036,1
2021-05-03,2509.050048828125,0.0021928733906462217,1
2021-05-04,2489.300048828125,-0.007871504998166357,1
2021-05-05,2488.3798828125,-0.0003696484945870937,1
2021-05-06,2503.360107421875,0.006020071417891293,1
2021-05-07,2523.929931640625,0.00821688583986191,1
2021-05-10,2493.5400390625,-0.012040703744248038,0
2021-05-11,2474.989990234375,-0.007439242417418446,0
2021-05-12,2418.0400390625,-0.023010174342758427,0
2021-05-13,2446.39990234375,0.011728450655533962,0
2021-05-14,2486.56005859375,0.01641602266723652,0
2021-05-17,2480.280029296875,-0.0025255892272421088,1
2021-05-18,2461.2099609375,-0.007688675526199007,1
2021-05-19,2452.889892578125,-0.0033804789072955366,1
2021-05-20,2479.419921875,0.010815825601119933,1
2021-05-21,2478.239990234375,-0.00047589019924176856,1
2021-05-24,2501.8701171875,0.009535043840080304,1
2021-05-25,2495.110107421875,-0.0027019826965375415,1
2021-05-26,2504.52001953125,0.003771341425528485,1
2021-05-27,2509.590087890625,0.002024367271906913,1
2021-05-28,2511.52001953125,0.000769022658296814,1
2021-06-01,2512.800048828125,0.0005096631868035661,1
2021-06-02,2515.52001953125,0.0010824461358927007,1
2021-06-03,2503.72998046875,-0.004686919194026973,1
2021-06-04,2525.139892578125,0.008551206510442722,1
2021-06-07,2527.77001953125,0.0010415767304043921,1
2021-06-08,2531.469970703125,0.0014637214395640807,1
2021-06-09,2525.110107421875,-0.0025123202545765944,1
2021-06-10,2535.75,0.004213635099258317,1
2021-06-11,2543.669921875,0.0031233054816128814,1
2021-06-14,2546.780029296875,0.0012226851428829288,1
2021-06-15,2539.860107421875,-0.002717125859083458,1
2021-06-16,2527.360107421875,-0.004921530899860582,1
2021-06-18,2492.360107421875,-0.01384844205509872,1
2021-06-21,2527.909912109375,0.014263510550356573,1
2021-06-22,2541.5,0.005376017486036444,1
2021-06-23,2540.1201171875,-0.0005429403157584112,1
2021-06-24,2556.840087890625,0.006582354350091801,1
2021-06-25,2565.929931640625,0.0035551084297567037,1
2021-06-28,2569.8701171875,0.0015355779977810347,1
2021-06-29,2569.419921875,-0.000175182126710971,1
2021-06-30,2570.659912109375,0.000482595399770247,1
2021-07-01,2583.199951171875,0.00487814004623055,1
2021-07-02,2597.75,0.00563256778536414,1
2021-07-06,2591.169921875,-0.0025329912905398544,1
2021-07-07,2595.10009765625,0.0015167572562768683,1
2021-07-08,2572.35009765625,-0.008766521191435506,1
2021-07-09,2604.489990234375,0.01249436949014382,1
2021-07-12,2611.27001953125,0.002603208045451,1
2021-07-13,2596.580078125,-0.00562559264127227,1
2021-07-14,2592.72998046875,-0.0014827571422446617,1
2021-07-15,2583.889892578125,-0.003409567504992106,1
2021-07-16,2564.77001953125,-0.007399646982556907,1
2021-07-19,2526.570068359375,-0.014894103908332679,1
2021-07-20,2570.169921875,0.01725653844381081,1
2021-07-21,2593.840087890625,0.00920957241549103,1
2021-07-22,2595.330078125,0.0005744341146283194,1
2021-07-23,2620.6201171875,0.00974444032212296,1
2021-07-26,2625.64990234375,0.0019193110528541446,1
2021-07-27,2611.02001953125,-0.005571909186918189,1
2021-07-28,2615.8798828125,0.0018612891685612087,1
2021-07-29,2626.820068359375,0.004182220146558224,1
2021-07-30,2611.830078125,-0.005706515804006829,1
2021-08-03,2626.22998046875,0.005513338124234934,1
2021-08-04,2613.780029296875,-0.004740617259137658,1
2021-08-05,2632.5400390625,0.007177348344294954,1
2021-08-06,2635.330078125,0.001059827778913336,1
2021-08-09,2632.81005859375,-0.0009562443627717521,1
2021-08-10,2634.080078125,0.00048238175295045593,1
2021-08-11,2640.1201171875,0.002293035474760341,1
2021-08-12,2647.0400390625,0.0026210632728225214,1
2021-08-13,2648.300048828125,0.00047600706715078545,1
2021-08-16,2649.949951171875,0.0006230043096815407,1
2021-08-17,2629.919921875,-0.007558644376667312,1
2021-08-18,2603.06005859375,-0.010213186743001756,1
2021-08-19,2601.550048828125,-0.0005800902521014839,1
2021-08-20,2625.090087890625,0.009048466729711269,1
2021-08-23,2650.6201171875,0.009725391678801154,1
2021-08-24,2659.300048828125,0.0032746796058558125,1
2021-08-25,2666.47998046875,0.0026999328803791744,1
2021-08-26,2649.81005859375,-0.00625165836499908,1
2021-08-27,2677.89990234375,0.010600700853595324,1
2021-08-30,2686.909912109375,0.003364580490009761,1
2021-08-31,2682.85009765625,-0.0015109603916484415,1
2021-09-01,2686.199951171875,0.001248617475330338,1
2021-09-02,2695.409912109375,0.003428620767222501,1
2021-09-03,2694.199951171875,-0.0004488968197616794,1
2021-09-07,2682.739990234375,-0.0042535673465941,1
2021-09-08,2675.97998046875,-0.0025198154835103237,1
2021-09-09,2665.68994140625,-0.003845334844656656,1
2021-09-10,2644.669921875,-0.007885395523592353,1
2021-09-13,2650.47998046875,0.002196893663626298,1
2021-09-14,2633.52001953125,-0.006398826273911529,1
2021-09-15,2656.02001953125,0.008543698104867659,1
2021-09-16,2653.97998046875,-0.0007680812070309795,1
2021-09-17,2633.469970703125,-0.007728019772780037,1
2021-09-20,2586.929931640625,-0.017672515570805625,1
2021-09-21,2586.449951171875,-0.00018554057567599092,1
2021-09-22,2612.340087890625,0.010009912121833109,1
2021-09-23,2644.60009765625,0.012349084989035086,1
2021-09-24,2645.8798828125,0.0004839238860288031,1
2021-09-27,2641.5,-0.0016553596559509831,1
2021-09-28,2586.10009765625,-0.020972895076187825,1
2021-09-29,2587.989990234375,0.0007307886418772558,1
2021-09-30,2559.719970703125,-0.010923542841326794,1
2021-10-01,2589.830078125,0.011763047429599993,1
2021-10-04,2555.06005859375,-0.0134255987776708,1
2021-10-05,2580.47998046875,0.009948854935719398,1
2021-10-06,2589.860107421875,0.003635031863886473,1
2021-10-07,2614.300048828125,0.00943678051807173,1
2021-10-08,2607.10009765625,-0.0027540645822587972,1
2021-10-11,2589.52001953125,-0.006743154258175288,1
2021-10-12,2587.93994140625,-0.0006101818534255399,1
2021-10-13,2598.639892578125,0.0041345438511455335,1
2021-10-14,2641.9599609375,0.01667028528389025,1
2021-10-15,2658.139892578125,0.006124215309789793,1
2021-10-18,2667.5,0.0035212997811024938,1
2021-10-19,2685.919921875,0.006905312792877316,1
2021-10-20,2696.320068359375,0.0038720984939546454,1
2021-10-21,2705.77001953125,0.003504758683053888,1
2021-10-22,2701.860107421875,-0.0014450275083069952,1
2021-10-25,2715.419921875,0.005018695977588417,1
2021-10-26,2716.719970703125,0.00047876529801227363,1
2021-10-27,2696.610107421875,-0.007402258421225993,1
2021-10-28,2725.93994140625,0.010876557164734457,1
2021-10-29,2730.64990234375,0.0017278300471543773,1
2021-11-01,2742.739990234375,0.004427549602842973,1
2021-11-02,2750.6298828125,0.0028766462027816075,1
2021-11-03,2770.929931640625,0.007380145527746684,1
2021-11-04,2779.7900390625,0.0031975212800234853,1
2021-11-05,2790.56005859375,0.0038744003611446143,1
2021-11-08,2794.6201171875,0.0014549260752323434,1
2021-11-09,2785.550048828125,-0.0032455460774766243,1
2021-11-10,2758.110107421875,-0.009850816149504782,1
2021-11-11,2761.929931640625,0.0013849426128678122,1
2021-11-12,2781.43994140625,0.0070639046784346515,1
2021-11-15,2780.2900390625,-0.00041341979980646926,1
2021-11-16,2791.56005859375,0.004053540951810319,1
2021-11-17,2780.27001953125,-0.00404434754242311,1
2021-11-18,2785.050048828125,0.0017192680075299727,1
2021-11-19,2777.60009765625,-0.0026749792791012084,1
2021-11-22,2764.510009765625,-0.0047127330898607545,1
2021-11-23,2765.860107421875,0.0004883677944664822,1
2021-11-24,2773.75,0.0028526000129049933,1
2021-11-26,2709.72998046875,-0.023080674008562396,0
2021-11-29,2739.7900390625,0.01109337786805975,0
2021-11-30,2685.5400390625,-0.019800787369299022,0
2021-12-01,2646.449951171875,-0.014555764323763709,0
2021-12-02,2688.85009765625,0.016021518361078346,0
2021-12-03,2660.0400390625,-0.010714639175632201,0
2021-12-06,2692.5,0.012202809153557093,0
2021-12-07,2750.22998046875,0.021441032671773552,0
2021-12-08,2762.090087890625,0.004312405691924592,0
2021-12-09,2735.659912109375,-0.009568904322535876,0
2021-12-10,2755.389892578125,0.0072121466493022535,0
2021-12-13,2729.219970703125,-0.009497720066946158,0
2021-12-14,2707.5400390625,-0.0079436365970309,0
2021-12-15,2751.18994140625,0.016121609178072926,0
2021-12-16,2722.7900390625,-0.01032277049153274,0
2021-12-17,2703.699951171875,-0.007011222906191494,0
2021-12-20,2670.68994140625,-0.012209198639559604,0
2021-12-21,2724.050048828125,0.019979896054042934,0
2021-12-22,2750.510009765625,0.009713463579306358,0
2021-12-23,2768.360107421875,0.006489741027254414,0
2021-12-27,2803.739990234375,0.01278008692498056,0
2021-12-28,2798.35009765625,-0.0019223938727908063,0
2021-12-29,2801.8701171875,0.0012578910459410952,0
2021-12-30,2795.909912109375,-0.0021272239000528215,0
2021-12-31,2788.139892578125,-0.0027790664847952007,0
2022-01-03,2804.929931640625,0.0060219500130513914,0
2022-01-04,2800.409912109375,-0.0016114554165016504,0
2022-01-05,2739.340087890625,-0.02180745895616043,0
2022-01-06,2739.199951171875,-5.115710873926371e-05,0
2022-01-07,2725.60009765625,-0.004964899882466289,0
2022-01-10,2721.6201171875,-0.0014602217222446923,0
2022-01-11,2748.590087890625,0.009909527980339616,0
2022-01-12,2752.639892578125,0.0014734116612520332,0
2022-01-13,2712.909912109375,-0.01443341011509458,0
2022-01-14,2714.169921875,0.00046444954180047127,0
2022-01-18,2660.81005859375,-0.01965973568979351,0
2022-01-19,2633.860107421875,-0.01012847613260981,0
2022-01-20,2603.06005859375,-0.011693881820577512,0
2022-01-21,2552.5400390625,-0.019407934659234294,0
2022-01-24,2565.949951171875,0.0052535560281750104,0
2022-01-25,2531.3798828125,-0.013472619894081217,0
2022-01-26,2523.6298828125,-0.0030615713005467393,0
2022-01-27,2505.659912109375,-0.007120683910708081,0
2022-01-28,2566.7900390625,0.024396817244708657,0
2022-01-31,2621.969970703125,0.021497641334458084,0
2022-02-01,2642.22998046875,0.007727018231330929,0
2022-02-02,2659.22998046875,0.006433959241119558,0
2022-02-03,2594.10009765625,-0.024492008322281045,0
2022-02-04,2610.659912109375,0.006383645129224735,0
2022-02-07,2603.570068359375,-0.002715728585371946,0
2022-02-08,2627.81005859375,0.009310289179061515,0
2022-02-09,2669.320068359375,0.01579642700197237,0
2022-02-10,2622.47998046875,-0.01754757267434548,0
2022-02-11,2616.69873046875,-0.0022044972861782197,0
